Variable,Importance_Pct
de,66.61595012080184
fcf,11.393512716156275
roic,8.315817654503157
sga,7.682454444128044
gm,3.2862709765743103
pe,2.705994087836365
