variable,coefficient,p_value,significant
const,-0.08752117179153843,0.7587534254830678,
pe,-0.0005638040200127417,0.3202063623630687,
sga,-0.5165643681766888,0.40810837152869156,
gm,-0.3166971620663548,0.5164332953697326,
de,0.044829889985739696,0.03798219380523099,**
fcf,1.6547622749204525,0.37968179152946496,
roic,0.4462811746266817,0.6417182878230221,
